{"10-20": 8.95, "20-30": 7.761904761904762, "30-40": 7.561440677966102, "40-50": 7.4743589743589745, "50-60": 7.5431985294117645, "60-70": 7.616310160427807, "70-80": 7.730576441102757}